<?xml version="1.0" encoding="UTF-8"?>
<con:resource name=":id" path="/1/public/schedulerule/seasonal_adjustment" id="1786522d-775d-4741-8147-6d6ffb0f8e1a" xmlns:con="http://eviware.com/soapui/config"><con:settings><con:setting id="1786522d-775d-4741-8147-6d6ffb0f8e1afileName">%3Aid</con:setting></con:settings><con:parameters/><con:method name=":id" id="f26ea3ab-2d41-4958-9849-840787319053" method="GET"><con:settings/><con:parameters/><con:representation type="FAULT"><con:mediaType>text/html;charset=utf-8</con:mediaType><con:status>403</con:status><con:params/><con:element>html</con:element></con:representation><con:representation type="RESPONSE"><con:mediaType>application/json</con:mediaType><con:status>200</con:status><con:params/><con:element xmlns:id="https://api.rach.io/1/public/schedulerule/:id">id:Response</con:element></con:representation><con:request name=":id" id="541c83ed-7529-4559-876b-185e8c8f88bd" mediaType="application/json"><con:settings><con:setting id="com.eviware.soapui.impl.wsdl.WsdlRequest@request-headers">&lt;xml-fragment/></con:setting></con:settings><con:endpoint>https://api.rach.io</con:endpoint><con:request/><con:originalUri>https://api.rach.io/1/public/schedulerule/:id</con:originalUri><con:credentials><con:selectedAuthProfile>Rachio</con:selectedAuthProfile><con:authType>No Authorization</con:authType></con:credentials><con:jmsConfig JMSDeliveryMode="PERSISTENT"/><con:parameters/></con:request></con:method><con:method name="skip" id="7061ffed-ffec-4813-b517-2e0566178d5a" method="PUT"><con:settings/><con:parameters/><con:representation type="REQUEST"><con:mediaType>application/json</con:mediaType><con:params/></con:representation><con:representation type="FAULT"><con:mediaType>text/html;charset=utf-8</con:mediaType><con:status>403</con:status><con:params/><con:element>html</con:element></con:representation><con:representation type="RESPONSE"><con:mediaType xsi:nil="true" xmlns:xsi="http://www.w3.org/2001/XMLSchema-instance"/><con:status>204</con:status><con:params/><con:element>data</con:element></con:representation><con:request name="skip" id="22c151fd-4250-450f-8015-ced441170c70" mediaType="application/json" postQueryString="false"><con:settings><con:setting id="com.eviware.soapui.impl.wsdl.WsdlRequest@request-headers">&lt;xml-fragment/></con:setting></con:settings><con:endpoint>https://api.rach.io</con:endpoint><con:request>{ "id":"791143d8-68d3-49b8-a2cd-6ad9a46c6863"}</con:request><con:originalUri>https://api.rach.io/1/public/schedulerule/skip</con:originalUri><con:credentials><con:selectedAuthProfile>Rachio</con:selectedAuthProfile><con:authType>No Authorization</con:authType></con:credentials><con:jmsConfig JMSDeliveryMode="PERSISTENT"/><con:parameters/></con:request></con:method><con:method name="start" id="9ee9e81b-8ee9-4c7b-9469-1475f119a803" method="PUT"><con:settings/><con:parameters/><con:representation type="RESPONSE"><con:mediaType xsi:nil="true" xmlns:xsi="http://www.w3.org/2001/XMLSchema-instance"/><con:status>204</con:status><con:params/><con:element>data</con:element></con:representation><con:representation type="REQUEST"><con:mediaType>application/json</con:mediaType><con:params/></con:representation><con:representation type="RESPONSE"><con:mediaType xsi:nil="true" xmlns:xsi="http://www.w3.org/2001/XMLSchema-instance"/><con:status>204</con:status><con:params/><con:element>data</con:element></con:representation><con:request name="start" id="ebb8cdb0-06f1-452c-9f39-b67e5dee8a22" mediaType="application/json" postQueryString="false"><con:settings><con:setting id="com.eviware.soapui.impl.wsdl.WsdlRequest@request-headers">&lt;xml-fragment/></con:setting></con:settings><con:endpoint>https://api.rach.io</con:endpoint><con:request>{ "id":"791143d8-68d3-49b8-a2cd-6ad9a46c6863"}</con:request><con:originalUri>https://api.rach.io/1/public/schedulerule/skip</con:originalUri><con:credentials><con:selectedAuthProfile>Rachio</con:selectedAuthProfile><con:authType>No Authorization</con:authType></con:credentials><con:jmsConfig JMSDeliveryMode="PERSISTENT"/><con:parameters/></con:request></con:method><con:method name="seasonal_adjustment" id="3964aeb8-d91d-4d9b-b60d-10d8c1c4e660" method="PUT"><con:settings/><con:parameters/><con:representation type="REQUEST"><con:mediaType>application/json</con:mediaType><con:params/></con:representation><con:representation type="RESPONSE"><con:mediaType>application/json</con:mediaType><con:status>200</con:status><con:params/><con:element xmlns:seas="https://api.rach.io/1/public/schedulerule/seasonal_adjustment">seas:Response</con:element></con:representation><con:request name="seasonal_adjustment" id="b63e5ccf-a010-41ad-9f7a-63028f123f68" mediaType="application/json" postQueryString="false"><con:settings><con:setting id="com.eviware.soapui.impl.wsdl.WsdlRequest@request-headers">&lt;xml-fragment/></con:setting></con:settings><con:endpoint>https://api.rach.io</con:endpoint><con:request>{ "id":"791143d8-68d3-49b8-a2cd-6ad9a46c6863",
"adjustment" :.2
}</con:request><con:originalUri>https://api.rach.io/1/public/schedulerule/seasonal_adjustment</con:originalUri><con:credentials><con:selectedAuthProfile>Rachio</con:selectedAuthProfile><con:authType>No Authorization</con:authType></con:credentials><con:jmsConfig JMSDeliveryMode="PERSISTENT"/><con:parameters/></con:request></con:method></con:resource>