<?xml version="1.0" encoding="UTF-8"?>
<con:resource name="Info" path="/1/public/person/7d0e4fed-e1f7-46df-b106-f1badf633c4f" id="ca1d4f91-2ce1-4a14-8c75-7304510c95de" xmlns:con="http://eviware.com/soapui/config"><con:settings><con:setting id="ca1d4f91-2ce1-4a14-8c75-7304510c95defileName">Info</con:setting></con:settings><con:parameters/><con:method name="Info" id="b98b70c3-8844-4d18-a2a7-8dded6a4536a" method="GET"><con:settings/><con:parameters/><con:representation type="RESPONSE"><con:mediaType>application/json</con:mediaType><con:status>200</con:status><con:params/><con:element xmlns:info="https://api.rach.io/1/public/person/info">info:Response</con:element></con:representation><con:request name="Info" id="9c433d59-dd75-4e22-a1c0-10d5425521db" mediaType="application/json"><con:settings><con:setting id="com.eviware.soapui.impl.wsdl.WsdlRequest@request-headers">&lt;xml-fragment/></con:setting></con:settings><con:endpoint>https://api.rach.io</con:endpoint><con:request/><con:originalUri>https://api.rach.io/1/public/person/info</con:originalUri><con:credentials><con:selectedAuthProfile>Rachio</con:selectedAuthProfile><con:addedBasicAuthenticationTypes>Basic</con:addedBasicAuthenticationTypes><con:addedBasicAuthenticationTypes>NTLM</con:addedBasicAuthenticationTypes><con:addedBasicAuthenticationTypes>SPNEGO/Kerberos</con:addedBasicAuthenticationTypes><con:authType>No Authorization</con:authType></con:credentials><con:jmsConfig JMSDeliveryMode="PERSISTENT"/><con:parameters/><con:parameterOrder/></con:request></con:method><con:method name=":id" id="ede583f4-c938-468a-a957-35808e2f0d54" method="GET"><con:settings><con:setting id="RecordResponseRepresentations">true</con:setting></con:settings><con:parameters/><con:representation type="FAULT"><con:mediaType>application/json;charset=utf-8</con:mediaType><con:status>401</con:status><con:params/><con:element xmlns:id="https://api.rach.io/1/public/person/:id">id:Fault</con:element></con:representation><con:representation type="FAULT"><con:mediaType>text/html;charset=utf-8</con:mediaType><con:status>403</con:status><con:params/><con:element>html</con:element></con:representation><con:representation type="RESPONSE"><con:mediaType>application/json</con:mediaType><con:status>200</con:status><con:params/><con:element xmlns:id="https://api.rach.io/1/public/person/:id">id:Response</con:element></con:representation><con:request name=":id" id="4f9af582-0325-412e-9483-2b94b061749c" mediaType="application/json" postQueryString="false"><con:settings><con:setting id="com.eviware.soapui.impl.wsdl.WsdlRequest@request-headers">&lt;xml-fragment/></con:setting><con:setting id="RecordRequestRepresentations">true</con:setting></con:settings><con:endpoint>https://api.rach.io</con:endpoint><con:request/><con:originalUri>https://api.rach.io/1/public/person/:id</con:originalUri><con:credentials><con:selectedAuthProfile>Rachio</con:selectedAuthProfile><con:authType>No Authorization</con:authType></con:credentials><con:jmsConfig JMSDeliveryMode="PERSISTENT"/><con:parameters/><con:parameterOrder/></con:request></con:method></con:resource>