<?xml version="1.0" encoding="UTF-8"?>
<con:resource name=":id" path="/1/public/device/off" id="d361df10-2b7c-4eb2-9965-97a7ad2f9c39" xmlns:con="http://eviware.com/soapui/config"><con:settings><con:setting id="d361df10-2b7c-4eb2-9965-97a7ad2f9c39fileName">%3Aid</con:setting></con:settings><con:parameters/><con:method name=":id" id="e2b9a5c2-e9b8-4479-a09b-dd4cbb012d4d" method="GET"><con:settings/><con:parameters/><con:representation type="FAULT"><con:mediaType>application/json;charset=utf-8</con:mediaType><con:status>401</con:status><con:params/><con:element xmlns:id="https://api.rach.io/1/public/device/:id">id:Fault</con:element></con:representation><con:representation type="FAULT"><con:mediaType>text/html;charset=utf-8</con:mediaType><con:status>403</con:status><con:params/><con:element>html</con:element></con:representation><con:representation type="RESPONSE"><con:mediaType>application/json</con:mediaType><con:status>200</con:status><con:params/><con:element xmlns:id="https://api.rach.io/1/public/device/:id">id:Response</con:element></con:representation><con:request name=":id" id="00b0d06b-2602-40f4-aef9-d33383ba6cc9" mediaType="application/json"><con:settings><con:setting id="com.eviware.soapui.impl.wsdl.WsdlRequest@request-headers">&lt;xml-fragment/></con:setting></con:settings><con:endpoint>https://api.rach.io</con:endpoint><con:request/><con:originalUri>https://api.rach.io/1/public/device/:id</con:originalUri><con:credentials><con:selectedAuthProfile>Rachio</con:selectedAuthProfile><con:authType>No Authorization</con:authType></con:credentials><con:jmsConfig JMSDeliveryMode="PERSISTENT"/><con:parameters/></con:request></con:method><con:method name="current_schedule" id="e342d1df-4d38-451c-8b21-da3b5222d6bf" method="GET"><con:settings/><con:parameters/><con:representation type="FAULT"><con:mediaType>application/json;charset=utf-8</con:mediaType><con:status>401</con:status><con:params/><con:element xmlns:cur="https://api.rach.io/1/public/device/d5a725a0-1c94-47dd-aa01-19c1f0915d8e/current_schedule">cur:Fault</con:element></con:representation><con:representation type="RESPONSE"><con:mediaType>application/json</con:mediaType><con:status>200</con:status><con:params/><con:element>Response</con:element></con:representation><con:request name="current_schedule" id="29dc1af2-da1d-45a0-95ee-fb77d28bb45d" mediaType="application/json"><con:settings><con:setting id="com.eviware.soapui.impl.wsdl.WsdlRequest@request-headers">&lt;xml-fragment/></con:setting></con:settings><con:endpoint>https://api.rach.io</con:endpoint><con:request/><con:originalUri>https://api.rach.io/1/public/device/d5a725a0-1c94-47dd-aa01-19c1f0915d8e/current_schedule</con:originalUri><con:credentials><con:selectedAuthProfile>Rachio</con:selectedAuthProfile><con:authType>No Authorization</con:authType></con:credentials><con:jmsConfig JMSDeliveryMode="PERSISTENT"/><con:parameters/></con:request></con:method><con:method name="event?startTime=:startTime&amp;endTime=:endTime" id="bde98b3b-9a3e-403c-af99-d39ff99103ef" method="GET"><con:settings/><con:parameters/><con:representation type="RESPONSE"><con:mediaType>application/json</con:mediaType><con:status>200</con:status><con:params/><con:element>Response</con:element></con:representation><con:representation type="FAULT"><con:mediaType>text/html;charset=utf-8</con:mediaType><con:status>404</con:status><con:params/><con:element>html</con:element></con:representation><con:request name="Request 1" id="5a0cfc7d-a9a1-4b9c-96d6-198c23b47af1" mediaType="application/json"><con:settings><con:setting id="com.eviware.soapui.impl.wsdl.WsdlRequest@request-headers">&lt;xml-fragment/></con:setting></con:settings><con:endpoint>https://api.rach.io</con:endpoint><con:request/><con:originalUri>https://api.rach.io/1/public/device/d5a725a0-1c94-47dd-aa01-19c1f0915d8e/current_schedule</con:originalUri><con:credentials><con:selectedAuthProfile>Rachio</con:selectedAuthProfile><con:authType>No Authorization</con:authType></con:credentials><con:jmsConfig JMSDeliveryMode="PERSISTENT"/><con:parameters/></con:request></con:method><con:method name="scheduleitem" id="59ca2dfb-db39-440e-9e72-30d7c5c0903b" method="GET"><con:settings/><con:parameters/><con:representation type="RESPONSE"><con:mediaType>application/json</con:mediaType><con:status>200</con:status><con:params/><con:element>Response</con:element></con:representation><con:request name="scheduleitem" id="8f09fd51-d243-455a-8b53-f8949c5c7cef" mediaType="application/json"><con:settings><con:setting id="com.eviware.soapui.impl.wsdl.WsdlRequest@request-headers">&lt;xml-fragment/></con:setting></con:settings><con:endpoint>https://api.rach.io</con:endpoint><con:request/><con:originalUri>https://api.rach.io/1/public/device/d5a725a0-1c94-47dd-aa01-19c1f0915d8e/scheduleitem</con:originalUri><con:credentials><con:selectedAuthProfile>Rachio</con:selectedAuthProfile><con:authType>No Authorization</con:authType></con:credentials><con:jmsConfig JMSDeliveryMode="PERSISTENT"/><con:parameters/></con:request></con:method><con:method name="forecast?units=:units" id="57b30822-738c-4f1b-8a53-9fce0626522e" method="GET"><con:settings/><con:parameters/><con:representation type="FAULT"><con:mediaType>application/json;charset=utf-8</con:mediaType><con:status>400</con:status><con:params/><con:element xmlns:for="https://api.rach.io/1/public/device/d5a725a0-1c94-47dd-aa01-19c1f0915d8e/forecast">for:Fault</con:element></con:representation><con:representation type="RESPONSE"><con:mediaType>application/json</con:mediaType><con:status>200</con:status><con:params/><con:element xmlns:for="https://api.rach.io/1/public/device/d5a725a0-1c94-47dd-aa01-19c1f0915d8e/forecast">for:Response</con:element></con:representation><con:request name="forecast?units=:units" id="0a47702a-30f8-41f4-914a-3c5edbd026e5" mediaType="application/json"><con:settings><con:setting id="com.eviware.soapui.impl.wsdl.WsdlRequest@request-headers">&lt;xml-fragment/></con:setting></con:settings><con:endpoint>https://api.rach.io</con:endpoint><con:request/><con:originalUri>https://api.rach.io/1/public/device/d5a725a0-1c94-47dd-aa01-19c1f0915d8e/forecast</con:originalUri><con:credentials><con:selectedAuthProfile>Rachio</con:selectedAuthProfile><con:authType>No Authorization</con:authType></con:credentials><con:jmsConfig JMSDeliveryMode="PERSISTENT"/><con:parameters/></con:request></con:method><con:method name="stop_water" id="7e886d09-031e-4247-8cf4-5040d5b6d1e5" method="PUT"><con:settings/><con:parameters/><con:representation type="REQUEST"><con:mediaType>application/json</con:mediaType><con:params/></con:representation><con:representation type="FAULT"><con:mediaType>text/html;charset=utf-8</con:mediaType><con:status>403</con:status><con:params/><con:element>html</con:element></con:representation><con:representation type="RESPONSE"><con:mediaType xsi:nil="true" xmlns:xsi="http://www.w3.org/2001/XMLSchema-instance"/><con:status>204</con:status><con:params/><con:element>data</con:element></con:representation><con:representation type="RESPONSE"><con:mediaType xsi:nil="true" xmlns:xsi="http://www.w3.org/2001/XMLSchema-instance"/><con:status>204</con:status><con:params/><con:element>data</con:element></con:representation><con:request name="stop_water" id="ffa7d8c2-c2d8-4be6-9ba3-fa2164d4604c" mediaType="application/json" postQueryString="false"><con:settings><con:setting id="com.eviware.soapui.impl.wsdl.WsdlRequest@request-headers">&lt;xml-fragment/></con:setting></con:settings><con:endpoint>https://api.rach.io</con:endpoint><con:request>{ "id" : "d5a725a0-1c94-47dd-aa01-19c1f0915d8e"}</con:request><con:originalUri>https://api.rach.io/1/public/device/stop_water</con:originalUri><con:credentials><con:selectedAuthProfile>Rachio</con:selectedAuthProfile><con:authType>No Authorization</con:authType></con:credentials><con:jmsConfig JMSDeliveryMode="PERSISTENT"/><con:parameters/></con:request></con:method><con:method name="rain_delay" id="ebcd77f7-bee4-48ab-aa4a-d62a5621c705" method="PUT"><con:settings/><con:parameters/><con:representation type="REQUEST"><con:mediaType>application/json</con:mediaType><con:params/></con:representation><con:representation type="FAULT"><con:mediaType>application/json;charset=utf-8</con:mediaType><con:status>400</con:status><con:params/><con:element xmlns:rain="https://api.rach.io/1/public/device/rain_delay">rain:Fault</con:element></con:representation><con:representation type="RESPONSE"><con:mediaType xsi:nil="true" xmlns:xsi="http://www.w3.org/2001/XMLSchema-instance"/><con:status>204</con:status><con:params/><con:element>data</con:element></con:representation><con:request name="rain_delay" id="e69d55ef-a22d-4383-8c00-49fb55e0bf9d" mediaType="application/json" postQueryString="false"><con:settings><con:setting id="com.eviware.soapui.impl.wsdl.WsdlRequest@request-headers">&lt;xml-fragment/></con:setting></con:settings><con:endpoint>https://api.rach.io</con:endpoint><con:request>{ 
"id":"d5a725a0-1c94-47dd-aa01-19c1f0915d8e",
"duration":84600
}</con:request><con:originalUri>https://api.rach.io/1/public/device/rain_delay</con:originalUri><con:credentials><con:selectedAuthProfile>Rachio</con:selectedAuthProfile><con:authType>No Authorization</con:authType></con:credentials><con:jmsConfig JMSDeliveryMode="PERSISTENT"/><con:parameters/></con:request></con:method><con:method name="on" id="4088266b-cd71-4d55-ab5b-be29146746b2" method="PUT"><con:settings/><con:parameters/><con:representation type="RESPONSE"><con:mediaType xsi:nil="true" xmlns:xsi="http://www.w3.org/2001/XMLSchema-instance"/><con:status>204</con:status><con:params/><con:element>data</con:element></con:representation><con:representation type="REQUEST"><con:mediaType>application/json</con:mediaType><con:params/></con:representation><con:request name="on" id="48c29c2e-a859-4a5c-a8df-e6874c6f2cd8" mediaType="application/json" postQueryString="false"><con:settings><con:setting id="com.eviware.soapui.impl.wsdl.WsdlRequest@request-headers">&lt;xml-fragment/></con:setting></con:settings><con:endpoint>https://api.rach.io</con:endpoint><con:request>{ 
"id":"d5a725a0-1c94-47dd-aa01-19c1f0915d8e"
}</con:request><con:originalUri>https://api.rach.io/1/public/device/on</con:originalUri><con:credentials><con:selectedAuthProfile>Rachio</con:selectedAuthProfile><con:authType>No Authorization</con:authType></con:credentials><con:jmsConfig JMSDeliveryMode="PERSISTENT"/><con:parameters/></con:request></con:method><con:method name="off" id="3e95d20b-6acc-4f82-b8bd-44b58eb6b6c8" method="PUT"><con:settings/><con:parameters/><con:representation type="RESPONSE"><con:mediaType xsi:nil="true" xmlns:xsi="http://www.w3.org/2001/XMLSchema-instance"/><con:status>204</con:status><con:params/><con:element>data</con:element></con:representation><con:representation type="REQUEST"><con:mediaType>application/json</con:mediaType><con:params/></con:representation><con:request name="off" id="3d649a0a-f4cb-489a-82a3-b10253aa6a0d" mediaType="application/json" postQueryString="false"><con:settings><con:setting id="com.eviware.soapui.impl.wsdl.WsdlRequest@request-headers">&lt;xml-fragment/></con:setting></con:settings><con:endpoint>https://api.rach.io</con:endpoint><con:request>{ 
"id":"d5a725a0-1c94-47dd-aa01-19c1f0915d8e"
}</con:request><con:originalUri>https://api.rach.io/1/public/device/off</con:originalUri><con:credentials><con:selectedAuthProfile>Rachio</con:selectedAuthProfile><con:authType>No Authorization</con:authType></con:credentials><con:jmsConfig JMSDeliveryMode="PERSISTENT"/><con:parameters/></con:request></con:method></con:resource>