<?xml version="1.0" encoding="UTF-8"?>
<con:testCase id="10eea39d-5acf-4206-b321-0bbe669419fe" discardOkResults="true" failOnError="true" failTestCaseOnErrors="true" keepSession="false" name=":id TestCase" searchProperties="true" xmlns:con="http://eviware.com/soapui/config"><con:description>TestCase generated for REST Resource [:id] located at [/1/public/device/off]</con:description><con:settings><con:setting id="10eea39d-5acf-4206-b321-0bbe669419fefileName">%3Aid-TestCase</con:setting></con:settings><con:testStep type="restrequest" name=":id" id="3f9fae3a-80c2-4724-9250-a1ca9505fe92"><con:settings/><con:config service="https://api.rach.io" resourcePath="/1/public/device/off" methodName=":id" xsi:type="con:RestRequestStep" xmlns:xsi="http://www.w3.org/2001/XMLSchema-instance"><con:restRequest name=":id" id="00b0d06b-2602-40f4-aef9-d33383ba6cc9" mediaType="application/json"><con:settings><con:setting id="com.eviware.soapui.impl.wsdl.WsdlRequest@request-headers">&lt;xml-fragment/></con:setting></con:settings><con:endpoint>https://api.rach.io</con:endpoint><con:request/><con:originalUri>https://api.rach.io/1/public/device/:id</con:originalUri><con:credentials><con:selectedAuthProfile>Rachio</con:selectedAuthProfile><con:authType>No Authorization</con:authType></con:credentials><con:jmsConfig JMSDeliveryMode="PERSISTENT"/><con:parameters/></con:restRequest></con:config></con:testStep><con:testStep type="restrequest" name="current_schedule" id="0572cf55-714e-41a9-82c7-cc8dbbafe8fc"><con:settings/><con:config service="https://api.rach.io" resourcePath="/1/public/device/off" methodName="current_schedule" xsi:type="con:RestRequestStep" xmlns:xsi="http://www.w3.org/2001/XMLSchema-instance"><con:restRequest name="current_schedule" id="29dc1af2-da1d-45a0-95ee-fb77d28bb45d" mediaType="application/json"><con:settings><con:setting id="com.eviware.soapui.impl.wsdl.WsdlRequest@request-headers">&lt;xml-fragment/></con:setting></con:settings><con:endpoint>https://api.rach.io</con:endpoint><con:request/><con:originalUri>https://api.rach.io/1/public/device/d5a725a0-1c94-47dd-aa01-19c1f0915d8e/current_schedule</con:originalUri><con:credentials><con:selectedAuthProfile>Rachio</con:selectedAuthProfile><con:authType>No Authorization</con:authType></con:credentials><con:jmsConfig JMSDeliveryMode="PERSISTENT"/><con:parameters/></con:restRequest></con:config></con:testStep><con:testStep type="restrequest" name="Request 1" id="36063cf4-26dc-4975-95b1-3a166e9a03ff"><con:settings/><con:config service="https://api.rach.io" resourcePath="/1/public/device/off" methodName="event?startTime=:startTime&amp;endTime=:endTime" xsi:type="con:RestRequestStep" xmlns:xsi="http://www.w3.org/2001/XMLSchema-instance"><con:restRequest name="Request 1" id="5a0cfc7d-a9a1-4b9c-96d6-198c23b47af1" mediaType="application/json"><con:settings><con:setting id="com.eviware.soapui.impl.wsdl.WsdlRequest@request-headers">&lt;xml-fragment/></con:setting></con:settings><con:endpoint>https://api.rach.io</con:endpoint><con:request/><con:originalUri>https://api.rach.io/1/public/device/d5a725a0-1c94-47dd-aa01-19c1f0915d8e/current_schedule</con:originalUri><con:credentials><con:selectedAuthProfile>Rachio</con:selectedAuthProfile><con:authType>No Authorization</con:authType></con:credentials><con:jmsConfig JMSDeliveryMode="PERSISTENT"/><con:parameters/></con:restRequest></con:config></con:testStep><con:testStep type="restrequest" name="scheduleitem" id="7fbe58f5-57fb-4ae3-b408-72affbc2782f"><con:settings/><con:config service="https://api.rach.io" resourcePath="/1/public/device/off" methodName="scheduleitem" xsi:type="con:RestRequestStep" xmlns:xsi="http://www.w3.org/2001/XMLSchema-instance"><con:restRequest name="scheduleitem" id="8f09fd51-d243-455a-8b53-f8949c5c7cef" mediaType="application/json"><con:settings><con:setting id="com.eviware.soapui.impl.wsdl.WsdlRequest@request-headers">&lt;xml-fragment/></con:setting></con:settings><con:endpoint>https://api.rach.io</con:endpoint><con:request/><con:originalUri>https://api.rach.io/1/public/device/d5a725a0-1c94-47dd-aa01-19c1f0915d8e/scheduleitem</con:originalUri><con:credentials><con:selectedAuthProfile>Rachio</con:selectedAuthProfile><con:authType>No Authorization</con:authType></con:credentials><con:jmsConfig JMSDeliveryMode="PERSISTENT"/><con:parameters/></con:restRequest></con:config></con:testStep><con:testStep type="restrequest" name="forecast?units=:units" id="13484072-3c1f-4e41-938f-1cd541764bf5"><con:settings/><con:config service="https://api.rach.io" resourcePath="/1/public/device/off" methodName="forecast?units=:units" xsi:type="con:RestRequestStep" xmlns:xsi="http://www.w3.org/2001/XMLSchema-instance"><con:restRequest name="forecast?units=:units" id="0a47702a-30f8-41f4-914a-3c5edbd026e5" mediaType="application/json"><con:settings><con:setting id="com.eviware.soapui.impl.wsdl.WsdlRequest@request-headers">&lt;xml-fragment/></con:setting></con:settings><con:endpoint>https://api.rach.io</con:endpoint><con:request/><con:originalUri>https://api.rach.io/1/public/device/d5a725a0-1c94-47dd-aa01-19c1f0915d8e/forecast</con:originalUri><con:credentials><con:selectedAuthProfile>Rachio</con:selectedAuthProfile><con:authType>No Authorization</con:authType></con:credentials><con:jmsConfig JMSDeliveryMode="PERSISTENT"/><con:parameters/></con:restRequest></con:config></con:testStep><con:testStep type="restrequest" name="stop_water" id="f17c3888-da65-4171-918e-5058777b5088"><con:settings/><con:config service="https://api.rach.io" resourcePath="/1/public/device/off" methodName="stop_water" xsi:type="con:RestRequestStep" xmlns:xsi="http://www.w3.org/2001/XMLSchema-instance"><con:restRequest name="stop_water" id="ffa7d8c2-c2d8-4be6-9ba3-fa2164d4604c" mediaType="application/json" postQueryString="false"><con:settings><con:setting id="com.eviware.soapui.impl.wsdl.WsdlRequest@request-headers">&lt;xml-fragment/></con:setting></con:settings><con:endpoint>https://api.rach.io</con:endpoint><con:request>{ "id" : "d5a725a0-1c94-47dd-aa01-19c1f0915d8e"}</con:request><con:originalUri>https://api.rach.io/1/public/device/stop_water</con:originalUri><con:credentials><con:selectedAuthProfile>Rachio</con:selectedAuthProfile><con:authType>No Authorization</con:authType></con:credentials><con:jmsConfig JMSDeliveryMode="PERSISTENT"/><con:parameters/></con:restRequest></con:config></con:testStep><con:testStep type="restrequest" name="rain_delay" id="fe9ecc29-1820-4206-b4d1-4a5038aeb854"><con:settings/><con:config service="https://api.rach.io" resourcePath="/1/public/device/off" methodName="rain_delay" xsi:type="con:RestRequestStep" xmlns:xsi="http://www.w3.org/2001/XMLSchema-instance"><con:restRequest name="rain_delay" id="e69d55ef-a22d-4383-8c00-49fb55e0bf9d" mediaType="application/json" postQueryString="false"><con:settings><con:setting id="com.eviware.soapui.impl.wsdl.WsdlRequest@request-headers">&lt;xml-fragment/></con:setting></con:settings><con:endpoint>https://api.rach.io</con:endpoint><con:request>{ 
"id":"d5a725a0-1c94-47dd-aa01-19c1f0915d8e",
"duration":84600
}</con:request><con:originalUri>https://api.rach.io/1/public/device/rain_delay</con:originalUri><con:credentials><con:selectedAuthProfile>Rachio</con:selectedAuthProfile><con:authType>No Authorization</con:authType></con:credentials><con:jmsConfig JMSDeliveryMode="PERSISTENT"/><con:parameters/></con:restRequest></con:config></con:testStep><con:testStep type="restrequest" name="on" id="21fa32fc-0660-4e88-8f4b-231645489224"><con:settings/><con:config service="https://api.rach.io" resourcePath="/1/public/device/off" methodName="on" xsi:type="con:RestRequestStep" xmlns:xsi="http://www.w3.org/2001/XMLSchema-instance"><con:restRequest name="on" id="48c29c2e-a859-4a5c-a8df-e6874c6f2cd8" mediaType="application/json" postQueryString="false"><con:settings><con:setting id="com.eviware.soapui.impl.wsdl.WsdlRequest@request-headers">&lt;xml-fragment/></con:setting></con:settings><con:endpoint>https://api.rach.io</con:endpoint><con:request>{ 
"id":"d5a725a0-1c94-47dd-aa01-19c1f0915d8e"
}</con:request><con:originalUri>https://api.rach.io/1/public/device/on</con:originalUri><con:credentials><con:selectedAuthProfile>Rachio</con:selectedAuthProfile><con:authType>No Authorization</con:authType></con:credentials><con:jmsConfig JMSDeliveryMode="PERSISTENT"/><con:parameters/></con:restRequest></con:config></con:testStep><con:testStep type="restrequest" name="off" id="131caa0d-7f19-49c8-997c-8370e2c9e312"><con:settings/><con:config service="https://api.rach.io" resourcePath="/1/public/device/off" methodName="off" xsi:type="con:RestRequestStep" xmlns:xsi="http://www.w3.org/2001/XMLSchema-instance"><con:restRequest name="off" id="3d649a0a-f4cb-489a-82a3-b10253aa6a0d" mediaType="application/json" postQueryString="false"><con:settings><con:setting id="com.eviware.soapui.impl.wsdl.WsdlRequest@request-headers">&lt;xml-fragment/></con:setting></con:settings><con:endpoint>https://api.rach.io</con:endpoint><con:request>{ 
"id":"d5a725a0-1c94-47dd-aa01-19c1f0915d8e"
}</con:request><con:originalUri>https://api.rach.io/1/public/device/off</con:originalUri><con:credentials><con:selectedAuthProfile>Rachio</con:selectedAuthProfile><con:authType>No Authorization</con:authType></con:credentials><con:jmsConfig JMSDeliveryMode="PERSISTENT"/><con:parameters/></con:restRequest></con:config></con:testStep><con:properties/><con:reportParameters/></con:testCase>