<?xml version="1.0" encoding="UTF-8"?>
<con:resource name=":id" path="/1/public/zone/start_multiple" id="57e9c8bd-3085-433d-b8e7-cc23f5cb9804" xmlns:con="http://eviware.com/soapui/config"><con:settings><con:setting id="57e9c8bd-3085-433d-b8e7-cc23f5cb9804fileName">%3Aid</con:setting></con:settings><con:parameters/><con:method name=":id" id="8ee52ab9-fa10-4893-a7d1-62d9beb40cd8" method="GET"><con:settings/><con:parameters/><con:representation type="FAULT"><con:mediaType>text/html;charset=utf-8</con:mediaType><con:status>403</con:status><con:params/><con:element>html</con:element></con:representation><con:representation type="RESPONSE"><con:mediaType>application/json</con:mediaType><con:status>200</con:status><con:params/><con:element xmlns:id="https://api.rach.io/1/public/zone/:id">id:Response</con:element></con:representation><con:request name=":id" id="1a4e42a1-ac72-46df-ab82-8c897e3cdf1e" mediaType="application/json"><con:settings><con:setting id="com.eviware.soapui.impl.wsdl.WsdlRequest@request-headers">&lt;xml-fragment/></con:setting></con:settings><con:endpoint>https://api.rach.io</con:endpoint><con:request/><con:originalUri>https://api.rach.io/1/public/zone/:id</con:originalUri><con:credentials><con:selectedAuthProfile>Rachio</con:selectedAuthProfile><con:authType>No Authorization</con:authType></con:credentials><con:jmsConfig JMSDeliveryMode="PERSISTENT"/><con:parameters/></con:request></con:method><con:method name="start" id="b1e493ee-8144-45ce-b852-bf5e6f13f276" method="PUT"><con:settings/><con:parameters/><con:representation type="FAULT"><con:mediaType>text/html;charset=utf-8</con:mediaType><con:status>405</con:status><con:params/><con:element>html</con:element></con:representation><con:representation type="REQUEST"><con:mediaType>application/json</con:mediaType><con:params/></con:representation><con:representation type="RESPONSE"><con:mediaType xsi:nil="true" xmlns:xsi="http://www.w3.org/2001/XMLSchema-instance"/><con:status>204</con:status><con:params/><con:element>data</con:element></con:representation><con:request name="start" id="734e579f-cdb0-4952-93e7-3bba58000821" mediaType="application/json" postQueryString="false"><con:settings><con:setting id="com.eviware.soapui.impl.wsdl.WsdlRequest@request-headers">&lt;xml-fragment/></con:setting></con:settings><con:endpoint>https://api.rach.io</con:endpoint><con:request>{ 
"id":"6ed9e2a2-a04b-4a2e-9382-a3114321359d",
"duration":600
}</con:request><con:originalUri>https://api.rach.io/1/public/zone/6ed9e2a2-a04b-4a2e-9382-a3114321359d</con:originalUri><con:credentials><con:selectedAuthProfile>Rachio</con:selectedAuthProfile><con:authType>No Authorization</con:authType></con:credentials><con:jmsConfig JMSDeliveryMode="PERSISTENT"/><con:parameters/></con:request></con:method><con:method name="start_multiple" id="7627efdf-3cf3-4431-8125-44f9aed416f0" method="PUT"><con:settings/><con:parameters/><con:representation type="REQUEST"><con:mediaType>application/json</con:mediaType><con:params/></con:representation><con:representation type="FAULT"><con:mediaType>application/json;charset=utf-8</con:mediaType><con:status>400</con:status><con:params/><con:element xmlns:star="https://api.rach.io/1/public/zone/start_multiple">star:Fault</con:element></con:representation><con:representation type="RESPONSE"><con:mediaType xsi:nil="true" xmlns:xsi="http://www.w3.org/2001/XMLSchema-instance"/><con:status>204</con:status><con:params/><con:element>data</con:element></con:representation><con:request name="start_multiple" id="069b557f-9b52-4075-943a-9c5a4f55f9a5" mediaType="application/json" postQueryString="false"><con:settings><con:setting id="com.eviware.soapui.impl.wsdl.WsdlRequest@request-headers">&lt;xml-fragment/></con:setting></con:settings><con:endpoint>https://api.rach.io</con:endpoint><con:request>{
"zones":[{ 
"id":"6ed9e2a2-a04b-4a2e-9382-a3114321359d",
"duration":60,
"sortOrder":1
}]
}
</con:request><con:originalUri>https://api.rach.io/1/public/zone/start_multiple</con:originalUri><con:credentials><con:selectedAuthProfile>Rachio</con:selectedAuthProfile><con:authType>No Authorization</con:authType></con:credentials><con:jmsConfig JMSDeliveryMode="PERSISTENT"/><con:parameters/></con:request></con:method></con:resource>