<?xml version="1.0" encoding="UTF-8"?>
<con:testCase id="f27be3bf-3bf7-4f79-a586-844e72f7c5dc" discardOkResults="true" failOnError="true" failTestCaseOnErrors="true" keepSession="false" name=":id TestCase" searchProperties="true" xmlns:con="http://eviware.com/soapui/config"><con:description>TestCase generated for REST Resource [:id] located at [/1/public/zone/start_multiple]</con:description><con:settings><con:setting id="f27be3bf-3bf7-4f79-a586-844e72f7c5dcfileName">%3Aid-TestCase</con:setting></con:settings><con:testStep type="restrequest" name=":id" id="ff7f9fee-cda8-4452-943d-300ee1841871"><con:settings/><con:config service="https://api.rach.io" resourcePath="/1/public/zone/start_multiple" methodName=":id" xsi:type="con:RestRequestStep" xmlns:xsi="http://www.w3.org/2001/XMLSchema-instance"><con:restRequest name=":id" id="1a4e42a1-ac72-46df-ab82-8c897e3cdf1e" mediaType="application/json"><con:settings><con:setting id="com.eviware.soapui.impl.wsdl.WsdlRequest@request-headers">&lt;xml-fragment/></con:setting></con:settings><con:endpoint>https://api.rach.io</con:endpoint><con:request/><con:originalUri>https://api.rach.io/1/public/zone/:id</con:originalUri><con:credentials><con:selectedAuthProfile>Rachio</con:selectedAuthProfile><con:authType>No Authorization</con:authType></con:credentials><con:jmsConfig JMSDeliveryMode="PERSISTENT"/><con:parameters/></con:restRequest></con:config></con:testStep><con:testStep type="restrequest" name="start" id="dde0a55b-185e-4dda-9091-a374cc6ff46d"><con:settings/><con:config service="https://api.rach.io" resourcePath="/1/public/zone/start_multiple" methodName="start" xsi:type="con:RestRequestStep" xmlns:xsi="http://www.w3.org/2001/XMLSchema-instance"><con:restRequest name="start" id="734e579f-cdb0-4952-93e7-3bba58000821" mediaType="application/json" postQueryString="false"><con:settings><con:setting id="com.eviware.soapui.impl.wsdl.WsdlRequest@request-headers">&lt;xml-fragment/></con:setting></con:settings><con:endpoint>https://api.rach.io</con:endpoint><con:request>{ 
"id":"6ed9e2a2-a04b-4a2e-9382-a3114321359d",
"duration":600
}</con:request><con:originalUri>https://api.rach.io/1/public/zone/6ed9e2a2-a04b-4a2e-9382-a3114321359d</con:originalUri><con:credentials><con:selectedAuthProfile>Rachio</con:selectedAuthProfile><con:authType>No Authorization</con:authType></con:credentials><con:jmsConfig JMSDeliveryMode="PERSISTENT"/><con:parameters/></con:restRequest></con:config></con:testStep><con:testStep type="restrequest" name="start_multiple" id="4e5b974b-28ed-498d-857b-b7dc33314013"><con:settings/><con:config service="https://api.rach.io" resourcePath="/1/public/zone/start_multiple" methodName="start_multiple" xsi:type="con:RestRequestStep" xmlns:xsi="http://www.w3.org/2001/XMLSchema-instance"><con:restRequest name="start_multiple" id="069b557f-9b52-4075-943a-9c5a4f55f9a5" mediaType="application/json" postQueryString="false"><con:settings><con:setting id="com.eviware.soapui.impl.wsdl.WsdlRequest@request-headers">&lt;xml-fragment/></con:setting></con:settings><con:endpoint>https://api.rach.io</con:endpoint><con:request>{
"zones":[{ 
"id":"6ed9e2a2-a04b-4a2e-9382-a3114321359d",
"duration":60,
"sortOrder":1
}]
}
</con:request><con:originalUri>https://api.rach.io/1/public/zone/start_multiple</con:originalUri><con:credentials><con:selectedAuthProfile>Rachio</con:selectedAuthProfile><con:authType>No Authorization</con:authType></con:credentials><con:jmsConfig JMSDeliveryMode="PERSISTENT"/><con:parameters/></con:restRequest></con:config></con:testStep><con:properties/><con:reportParameters/></con:testCase>