<?xml version="1.0" encoding="UTF-8"?>
<con:resource name="Webhook_event_type" path="/1/public/notification/webhook/" id="b784800e-4556-41f5-ac79-29ed04b75832" xmlns:con="http://eviware.com/soapui/config"><con:settings><con:setting id="b784800e-4556-41f5-ac79-29ed04b75832fileName">Webhook_event_type</con:setting></con:settings><con:parameters/><con:method name="Webhook_event_type" id="6ea061d6-b091-4219-879f-d4abfc29cb31" method="GET"><con:settings/><con:parameters/><con:representation type="RESPONSE"><con:mediaType>application/json</con:mediaType><con:status>200</con:status><con:params/><con:element>Response</con:element></con:representation><con:request name="webhook_event_type" id="dc4b6b9e-9d83-485d-9ed0-7f3ce0cfee5d" mediaType="application/json"><con:settings><con:setting id="com.eviware.soapui.impl.wsdl.WsdlRequest@request-headers">&lt;xml-fragment/></con:setting></con:settings><con:endpoint>https://api.rach.io</con:endpoint><con:request/><con:originalUri>https://api.rach.io/1/public/notification/webhook_event_type</con:originalUri><con:credentials><con:selectedAuthProfile>Rachio</con:selectedAuthProfile><con:authType>No Authorization</con:authType></con:credentials><con:jmsConfig JMSDeliveryMode="PERSISTENT"/><con:parameters/></con:request></con:method><con:method name=":deviceId/webhook" id="43294abd-304a-4b94-a924-75fdf593e363" method="GET"><con:settings/><con:parameters/><con:representation type="FAULT"><con:mediaType>application/json;charset=utf-8</con:mediaType><con:status>401</con:status><con:params/><con:element xmlns:web="https://api.rach.io/1/public/notification/d5a725a0-1c94-47dd-aa01-19c1f0915d8e/webhook">web:Fault</con:element></con:representation><con:representation type="RESPONSE"><con:mediaType>application/json</con:mediaType><con:status>200</con:status><con:params/><con:element>Response</con:element></con:representation><con:request name=":deviceId/webhook" id="1d0f89bd-b057-4fcb-817f-ad53aa1b1978" mediaType="application/json"><con:settings><con:setting id="com.eviware.soapui.impl.wsdl.WsdlRequest@request-headers">&lt;xml-fragment/></con:setting></con:settings><con:endpoint>https://api.rach.io</con:endpoint><con:request/><con:originalUri>https://api.rach.io/1/public/notification/d5a725a0-1c94-47dd-aa01-19c1f0915d8e/webhook</con:originalUri><con:credentials><con:selectedAuthProfile>Rachio</con:selectedAuthProfile><con:authType>No Authorization</con:authType></con:credentials><con:jmsConfig JMSDeliveryMode="PERSISTENT"/><con:parameters/></con:request></con:method><con:method name="webhook/:id" id="0abc8bf5-d330-4084-8a82-a843dbefa0d9" method="GET"><con:settings/><con:parameters/><con:representation type="FAULT"><con:mediaType>application/json;charset=utf-8</con:mediaType><con:status>401</con:status><con:params/><con:element xmlns:ns="https://api.rach.io/1/public/notification/webhook/5">ns:Fault</con:element></con:representation><con:request name="webhook/:id" id="a7c88b2e-7277-43e6-bc83-6a56087a26f3" mediaType="application/json"><con:settings><con:setting id="com.eviware.soapui.impl.wsdl.WsdlRequest@request-headers">&lt;xml-fragment/></con:setting></con:settings><con:endpoint>https://api.rach.io</con:endpoint><con:request/><con:originalUri>https://api.rach.io/1/public/notification/webhook/5</con:originalUri><con:credentials><con:selectedAuthProfile>Rachio</con:selectedAuthProfile><con:authType>No Authorization</con:authType></con:credentials><con:jmsConfig JMSDeliveryMode="PERSISTENT"/><con:parameters/></con:request></con:method><con:method name="Object" id="55fcc119-4df6-41ac-8a07-1b9d48c60628" method="POST"><con:settings/><con:parameters/><con:representation type="FAULT"><con:mediaType>text/html;charset=utf-8</con:mediaType><con:status>403</con:status><con:params/><con:element>html</con:element></con:representation><con:representation type="REQUEST"><con:mediaType>application/json</con:mediaType><con:params/></con:representation><con:representation type="FAULT"><con:mediaType>application/json;charset=utf-8</con:mediaType><con:status>412</con:status><con:params/><con:element xmlns:web="https://api.rach.io/1/public/notification/webhook/">web:Fault</con:element></con:representation><con:representation type="RESPONSE"><con:mediaType>application/json</con:mediaType><con:status>200</con:status><con:params/><con:element xmlns:web="https://api.rach.io/1/public/notification/webhook/">web:Response</con:element></con:representation><con:request name="Object" id="99cbeb00-7886-4f8f-9971-0e55f31e4a29" mediaType="application/json" postQueryString="false"><con:settings><con:setting id="com.eviware.soapui.impl.wsdl.WsdlRequest@request-headers">&lt;xml-fragment/></con:setting></con:settings><con:endpoint>https://api.rach.io</con:endpoint><con:request>{"device":
{"id":"d5a725a0-1c94-47dd-aa01-19c1f0915d8e"},
"externalId":"external company ID", 
"url":"https://www.mydomain.com/another_webhook",
"eventTypes":[{"id":"5"},{"id":"6"}]
}</con:request><con:originalUri>https://api.rach.io/1/public/notification/webhook/</con:originalUri><con:credentials><con:selectedAuthProfile>Rachio</con:selectedAuthProfile><con:authType>No Authorization</con:authType></con:credentials><con:jmsConfig JMSDeliveryMode="PERSISTENT"/><con:parameters/></con:request></con:method></con:resource>