<?xml version="1.0" encoding="UTF-8"?>
<con:testCase id="3e785312-542a-477b-a2dc-e077f35608d2" discardOkResults="true" failOnError="true" failTestCaseOnErrors="true" keepSession="false" name="Webhook_event_type TestCase" searchProperties="true" xmlns:con="http://eviware.com/soapui/config"><con:description>TestCase generated for REST Resource [Webhook_event_type] located at [/1/public/notification/webhook/]</con:description><con:settings><con:setting id="3e785312-542a-477b-a2dc-e077f35608d2fileName">Webhook_event_type-TestCase</con:setting></con:settings><con:testStep type="restrequest" name="webhook_event_type" id="856fa55d-29e3-4310-a7d2-1da142702fb0"><con:settings/><con:config service="https://api.rach.io" resourcePath="/1/public/notification/webhook/" methodName="Webhook_event_type" xsi:type="con:RestRequestStep" xmlns:xsi="http://www.w3.org/2001/XMLSchema-instance"><con:restRequest name="webhook_event_type" id="dc4b6b9e-9d83-485d-9ed0-7f3ce0cfee5d" mediaType="application/json"><con:settings><con:setting id="com.eviware.soapui.impl.wsdl.WsdlRequest@request-headers">&lt;xml-fragment/></con:setting></con:settings><con:endpoint>https://api.rach.io</con:endpoint><con:request/><con:originalUri>https://api.rach.io/1/public/notification/webhook_event_type</con:originalUri><con:credentials><con:selectedAuthProfile>Rachio</con:selectedAuthProfile><con:authType>No Authorization</con:authType></con:credentials><con:jmsConfig JMSDeliveryMode="PERSISTENT"/><con:parameters/></con:restRequest></con:config></con:testStep><con:testStep type="restrequest" name=":deviceId/webhook" id="6c9abc1e-ef78-499d-b5f9-0d72a781e5db"><con:settings/><con:config service="https://api.rach.io" resourcePath="/1/public/notification/webhook/" methodName=":deviceId/webhook" xsi:type="con:RestRequestStep" xmlns:xsi="http://www.w3.org/2001/XMLSchema-instance"><con:restRequest name=":deviceId/webhook" id="1d0f89bd-b057-4fcb-817f-ad53aa1b1978" mediaType="application/json"><con:settings><con:setting id="com.eviware.soapui.impl.wsdl.WsdlRequest@request-headers">&lt;xml-fragment/></con:setting></con:settings><con:endpoint>https://api.rach.io</con:endpoint><con:request/><con:originalUri>https://api.rach.io/1/public/notification/d5a725a0-1c94-47dd-aa01-19c1f0915d8e/webhook</con:originalUri><con:credentials><con:selectedAuthProfile>Rachio</con:selectedAuthProfile><con:authType>No Authorization</con:authType></con:credentials><con:jmsConfig JMSDeliveryMode="PERSISTENT"/><con:parameters/></con:restRequest></con:config></con:testStep><con:testStep type="restrequest" name="webhook/:id" id="8e1f072c-d0ca-4222-a735-a79a60f02bb1"><con:settings/><con:config service="https://api.rach.io" resourcePath="/1/public/notification/webhook/" methodName="webhook/:id" xsi:type="con:RestRequestStep" xmlns:xsi="http://www.w3.org/2001/XMLSchema-instance"><con:restRequest name="webhook/:id" id="a7c88b2e-7277-43e6-bc83-6a56087a26f3" mediaType="application/json"><con:settings><con:setting id="com.eviware.soapui.impl.wsdl.WsdlRequest@request-headers">&lt;xml-fragment/></con:setting></con:settings><con:endpoint>https://api.rach.io</con:endpoint><con:request/><con:originalUri>https://api.rach.io/1/public/notification/webhook/5</con:originalUri><con:credentials><con:selectedAuthProfile>Rachio</con:selectedAuthProfile><con:authType>No Authorization</con:authType></con:credentials><con:jmsConfig JMSDeliveryMode="PERSISTENT"/><con:parameters/></con:restRequest></con:config></con:testStep><con:testStep type="restrequest" name="Object" id="8d2ea7e0-41d1-47a9-ad7e-1ec8c73f7f58"><con:settings/><con:config service="https://api.rach.io" resourcePath="/1/public/notification/webhook/" methodName="Object" xsi:type="con:RestRequestStep" xmlns:xsi="http://www.w3.org/2001/XMLSchema-instance"><con:restRequest name="Object" id="99cbeb00-7886-4f8f-9971-0e55f31e4a29" mediaType="application/json" postQueryString="false"><con:settings><con:setting id="com.eviware.soapui.impl.wsdl.WsdlRequest@request-headers">&lt;xml-fragment/></con:setting></con:settings><con:endpoint>https://api.rach.io</con:endpoint><con:request>{"device":
{"id":"d5a725a0-1c94-47dd-aa01-19c1f0915d8e"},
"externalId":"external company ID", 
"url":"https://www.mydomain.com/another_webhook",
"eventTypes":[{"id":"5"},{"id":"6"}]
}</con:request><con:originalUri>https://api.rach.io/1/public/notification/webhook/</con:originalUri><con:credentials><con:selectedAuthProfile>Rachio</con:selectedAuthProfile><con:authType>No Authorization</con:authType></con:credentials><con:jmsConfig JMSDeliveryMode="PERSISTENT"/><con:parameters/></con:restRequest></con:config></con:testStep><con:properties/><con:reportParameters/></con:testCase>