<?xml version="1.0" encoding="UTF-8"?>
<con:testCase id="a9b84f43-2651-4893-b408-47cb830f0995" discardOkResults="true" failOnError="true" failTestCaseOnErrors="true" keepSession="false" name="Info TestCase" searchProperties="true" xmlns:con="http://eviware.com/soapui/config"><con:description>TestCase generated for REST Resource [Info] located at [/1/public/person/7d0e4fed-e1f7-46df-b106-f1badf633c4f]</con:description><con:settings><con:setting id="a9b84f43-2651-4893-b408-47cb830f0995fileName">Info-TestCase</con:setting></con:settings><con:testStep type="restrequest" name="Info" id="97dda331-3a4a-4157-836b-6cbe75a2f34c"><con:settings/><con:config service="https://api.rach.io" resourcePath="/1/public/person/7d0e4fed-e1f7-46df-b106-f1badf633c4f" methodName="Info" xsi:type="con:RestRequestStep" xmlns:xsi="http://www.w3.org/2001/XMLSchema-instance"><con:restRequest name="Info" id="9c433d59-dd75-4e22-a1c0-10d5425521db" mediaType="application/json"><con:settings><con:setting id="com.eviware.soapui.impl.wsdl.WsdlRequest@request-headers">&lt;xml-fragment/></con:setting></con:settings><con:endpoint>https://api.rach.io</con:endpoint><con:request/><con:originalUri>https://api.rach.io/1/public/person/info</con:originalUri><con:credentials><con:selectedAuthProfile>Rachio</con:selectedAuthProfile><con:addedBasicAuthenticationTypes>Basic</con:addedBasicAuthenticationTypes><con:addedBasicAuthenticationTypes>NTLM</con:addedBasicAuthenticationTypes><con:addedBasicAuthenticationTypes>SPNEGO/Kerberos</con:addedBasicAuthenticationTypes><con:authType>No Authorization</con:authType></con:credentials><con:jmsConfig JMSDeliveryMode="PERSISTENT"/><con:parameters/><con:parameterOrder/></con:restRequest></con:config></con:testStep><con:testStep type="restrequest" name=":id" id="bf40aba6-3a68-4000-afd6-a37622900b56"><con:settings/><con:config service="https://api.rach.io" resourcePath="/1/public/person/7d0e4fed-e1f7-46df-b106-f1badf633c4f" methodName=":id" xsi:type="con:RestRequestStep" xmlns:xsi="http://www.w3.org/2001/XMLSchema-instance"><con:restRequest name=":id" id="4f9af582-0325-412e-9483-2b94b061749c" mediaType="application/json" postQueryString="false"><con:settings><con:setting id="com.eviware.soapui.impl.wsdl.WsdlRequest@request-headers">&lt;xml-fragment/></con:setting><con:setting id="RecordRequestRepresentations">true</con:setting></con:settings><con:endpoint>https://api.rach.io</con:endpoint><con:request/><con:originalUri>https://api.rach.io/1/public/person/:id</con:originalUri><con:credentials><con:selectedAuthProfile>Rachio</con:selectedAuthProfile><con:authType>No Authorization</con:authType></con:credentials><con:jmsConfig JMSDeliveryMode="PERSISTENT"/><con:parameters/><con:parameterOrder/></con:restRequest></con:config></con:testStep><con:properties/><con:reportParameters/></con:testCase>