<?xml version="1.0" encoding="UTF-8"?>
<con:testCase id="56910892-c5ca-4aaa-a93e-91627128a638" discardOkResults="true" failOnError="true" failTestCaseOnErrors="true" keepSession="false" name=":id TestCase" searchProperties="true" xmlns:con="http://eviware.com/soapui/config"><con:description>TestCase generated for REST Resource [:id] located at [/1/public/schedulerule/seasonal_adjustment]</con:description><con:settings><con:setting id="56910892-c5ca-4aaa-a93e-91627128a638fileName">%3Aid-TestCase</con:setting></con:settings><con:testStep type="restrequest" name=":id" id="355d1575-150d-44d1-ba57-206b31e2da23"><con:settings/><con:config service="https://api.rach.io" resourcePath="/1/public/schedulerule/seasonal_adjustment" methodName=":id" xsi:type="con:RestRequestStep" xmlns:xsi="http://www.w3.org/2001/XMLSchema-instance"><con:restRequest name=":id" id="541c83ed-7529-4559-876b-185e8c8f88bd" mediaType="application/json"><con:settings><con:setting id="com.eviware.soapui.impl.wsdl.WsdlRequest@request-headers">&lt;xml-fragment/></con:setting></con:settings><con:endpoint>https://api.rach.io</con:endpoint><con:request/><con:originalUri>https://api.rach.io/1/public/schedulerule/:id</con:originalUri><con:credentials><con:selectedAuthProfile>Rachio</con:selectedAuthProfile><con:authType>No Authorization</con:authType></con:credentials><con:jmsConfig JMSDeliveryMode="PERSISTENT"/><con:parameters/></con:restRequest></con:config></con:testStep><con:testStep type="restrequest" name="skip" id="b3e771d8-ee28-41d5-8927-291814e8e74c"><con:settings/><con:config service="https://api.rach.io" resourcePath="/1/public/schedulerule/seasonal_adjustment" methodName="skip" xsi:type="con:RestRequestStep" xmlns:xsi="http://www.w3.org/2001/XMLSchema-instance"><con:restRequest name="skip" id="22c151fd-4250-450f-8015-ced441170c70" mediaType="application/json" postQueryString="false"><con:settings><con:setting id="com.eviware.soapui.impl.wsdl.WsdlRequest@request-headers">&lt;xml-fragment/></con:setting></con:settings><con:endpoint>https://api.rach.io</con:endpoint><con:request>{ "id":"791143d8-68d3-49b8-a2cd-6ad9a46c6863"}</con:request><con:originalUri>https://api.rach.io/1/public/schedulerule/skip</con:originalUri><con:credentials><con:selectedAuthProfile>Rachio</con:selectedAuthProfile><con:authType>No Authorization</con:authType></con:credentials><con:jmsConfig JMSDeliveryMode="PERSISTENT"/><con:parameters/></con:restRequest></con:config></con:testStep><con:testStep type="restrequest" name="start" id="72705a34-926a-4bff-a30c-933d6b01b311"><con:settings/><con:config service="https://api.rach.io" resourcePath="/1/public/schedulerule/seasonal_adjustment" methodName="start" xsi:type="con:RestRequestStep" xmlns:xsi="http://www.w3.org/2001/XMLSchema-instance"><con:restRequest name="start" id="ebb8cdb0-06f1-452c-9f39-b67e5dee8a22" mediaType="application/json" postQueryString="false"><con:settings><con:setting id="com.eviware.soapui.impl.wsdl.WsdlRequest@request-headers">&lt;xml-fragment/></con:setting></con:settings><con:endpoint>https://api.rach.io</con:endpoint><con:request>{ "id":"791143d8-68d3-49b8-a2cd-6ad9a46c6863"}</con:request><con:originalUri>https://api.rach.io/1/public/schedulerule/skip</con:originalUri><con:credentials><con:selectedAuthProfile>Rachio</con:selectedAuthProfile><con:authType>No Authorization</con:authType></con:credentials><con:jmsConfig JMSDeliveryMode="PERSISTENT"/><con:parameters/></con:restRequest></con:config></con:testStep><con:testStep type="restrequest" name="seasonal_adjustment" id="d85456c1-a998-4e90-82e3-53e9f23a75b3"><con:settings/><con:config service="https://api.rach.io" resourcePath="/1/public/schedulerule/seasonal_adjustment" methodName="seasonal_adjustment" xsi:type="con:RestRequestStep" xmlns:xsi="http://www.w3.org/2001/XMLSchema-instance"><con:restRequest name="seasonal_adjustment" id="b63e5ccf-a010-41ad-9f7a-63028f123f68" mediaType="application/json" postQueryString="false"><con:settings><con:setting id="com.eviware.soapui.impl.wsdl.WsdlRequest@request-headers">&lt;xml-fragment/></con:setting></con:settings><con:endpoint>https://api.rach.io</con:endpoint><con:request>{ "id":"791143d8-68d3-49b8-a2cd-6ad9a46c6863",
"adjustment" :.2
}</con:request><con:originalUri>https://api.rach.io/1/public/schedulerule/seasonal_adjustment</con:originalUri><con:credentials><con:selectedAuthProfile>Rachio</con:selectedAuthProfile><con:authType>No Authorization</con:authType></con:credentials><con:jmsConfig JMSDeliveryMode="PERSISTENT"/><con:parameters/></con:restRequest></con:config></con:testStep><con:properties/><con:reportParameters/></con:testCase>